Workbook

Sheet Employee Master
A1: Emp No | B1: Employee Name | C1: Department | D1: Shift Timing | E1: Contact No

Sheet Attendance
A1: Emp No | B1: Employee Name | C1: Date | D1: Day | E1: Status | F1: Time In | G1: Time Out | H1: OD/Extra Hours | I1: Working Hours | J1: Overtime | K1: Day-wise Total Hours | L1: Remarks | M1: Attendance Summary
B2: =IF(A2="", "", IFERROR(VLOOKUP(A2, "Employee Master"!$A:$B, 2, FALSE), "")) | D2: =IF(C2="", "", TEXT(C2, "ddd")) | I2: =IF(OR(E2="Absent", E2="Leave", E2=""), "", IF(AND(F2>0, G2>0), G2-F2, "")) | J2: =IF(I2="", "", MAX(0, I2-TIME(9,0,0))) | K2: =IF(I2="", "", I2 + IF(H2="", 0, H2)) | M2: Total Present
B3: =IF(A3="", "", IFERROR(VLOOKUP(A3, "Employee Master"!$A:$B, 2, FALSE), "")) | D3: =IF(C3="", "", TEXT(C3, "ddd")) | I3: =IF(OR(E3="Absent", E3="Leave", E3=""), "", IF(AND(F3>0, G3>0), G3-F3, "")) | J3: =IF(I3="", "", MAX(0, I3-TIME(9,0,0))) | K3: =IF(I3="", "", I3 + IF(H3="", 0, H3)) | M3: Total Absent
B4: =IF(A4="", "", IFERROR(VLOOKUP(A4, "Employee Master"!$A:$B, 2, FALSE), "")) | D4: =IF(C4="", "", TEXT(C4, "ddd")) | I4: =IF(OR(E4="Absent", E4="Leave", E4=""), "", IF(AND(F4>0, G4>0), G4-F4, "")) | J4: =IF(I4="", "", MAX(0, I4-TIME(9,0,0))) | K4: =IF(I4="", "", I4 + IF(H4="", 0, H4)) | M4: Total OD Hours
B5: =IF(A5="", "", IFERROR(VLOOKUP(A5, "Employee Master"!$A:$B, 2, FALSE), "")) | D5: =IF(C5="", "", TEXT(C5, "ddd")) | I5: =IF(OR(E5="Absent", E5="Leave", E5=""), "", IF(AND(F5>0, G5>0), G5-F5, "")) | J5: =IF(I5="", "", MAX(0, I5-TIME(9,0,0))) | K5: =IF(I5="", "", I5 + IF(H5="", 0, H5)) | M5: Total Working Hours
B6: =IF(A6="", "", IFERROR(VLOOKUP(A6, "Employee Master"!$A:$B, 2, FALSE), "")) | D6: =IF(C6="", "", TEXT(C6, "ddd")) | I6: =IF(OR(E6="Absent", E6="Leave", E6=""), "", IF(AND(F6>0, G6>0), G6-F6, "")) | J6: =IF(I6="", "", MAX(0, I6-TIME(9,0,0))) | K6: =IF(I6="", "", I6 + IF(H6="", 0, H6)) | M6: Total Overtime
B7: =IF(A7="", "", IFERROR(VLOOKUP(A7, "Employee Master"!$A:$B, 2, FALSE), "")) | D7: =IF(C7="", "", TEXT(C7, "ddd")) | I7: =IF(OR(E7="Absent", E7="Leave", E7=""), "", IF(AND(F7>0, G7>0), G7-F7, "")) | J7: =IF(I7="", "", MAX(0, I7-TIME(9,0,0))) | K7: =IF(I7="", "", I7 + IF(H7="", 0, H7))
B8: =IF(A8="", "", IFERROR(VLOOKUP(A8, "Employee Master"!$A:$B, 2, FALSE), "")) | D8: =IF(C8="", "", TEXT(C8, "ddd")) | I8: =IF(OR(E8="Absent", E8="Leave", E8=""), "", IF(AND(F8>0, G8>0), G8-F8, "")) | J8: =IF(I8="", "", MAX(0, I8-TIME(9,0,0))) | K8: =IF(I8="", "", I8 + IF(H8="", 0, H8))
B9: =IF(A9="", "", IFERROR(VLOOKUP(A9, "Employee Master"!$A:$B, 2, FALSE), "")) | D9: =IF(C9="", "", TEXT(C9, "ddd")) | I9: =IF(OR(E9="Absent", E9="Leave", E9=""), "", IF(AND(F9>0, G9>0), G9-F9, "")) | J9: =IF(I9="", "", MAX(0, I9-TIME(9,0,0))) | K9: =IF(I9="", "", I9 + IF(H9="", 0, H9))
B10: =IF(A10="", "", IFERROR(VLOOKUP(A10, "Employee Master"!$A:$B, 2, FALSE), "")) | D10: =IF(C10="", "", TEXT(C10, "ddd")) | I10: =IF(OR(E10="Absent", E10="Leave", E10=""), "", IF(AND(F10>0, G10>0), G10-F10, "")) | J10: =IF(I10="", "", MAX(0, I10-TIME(9,0,0))) | K10: =IF(I10="", "", I10 + IF(H10="", 0, H10))
B11: =IF(A11="", "", IFERROR(VLOOKUP(A11, "Employee Master"!$A:$B, 2, FALSE), "")) | D11: =IF(C11="", "", TEXT(C11, "ddd")) | I11: =IF(OR(E11="Absent", E11="Leave", E11=""), "", IF(AND(F11>0, G11>0), G11-F11, "")) | J11: =IF(I11="", "", MAX(0, I11-TIME(9,0,0))) | K11: =IF(I11="", "", I11 + IF(H11="", 0, H11))
B12: =IF(A12="", "", IFERROR(VLOOKUP(A12, "Employee Master"!$A:$B, 2, FALSE), "")) | D12: =IF(C12="", "", TEXT(C12, "ddd")) | I12: =IF(OR(E12="Absent", E12="Leave", E12=""), "", IF(AND(F12>0, G12>0), G12-F12, "")) | J12: =IF(I12="", "", MAX(0, I12-TIME(9,0,0))) | K12: =IF(I12="", "", I12 + IF(H12="", 0, H12))
B13: =IF(A13="", "", IFERROR(VLOOKUP(A13, "Employee Master"!$A:$B, 2, FALSE), "")) | D13: =IF(C13="", "", TEXT(C13, "ddd")) | I13: =IF(OR(E13="Absent", E13="Leave", E13=""), "", IF(AND(F13>0, G13>0), G13-F13, "")) | J13: =IF(I13="", "", MAX(0, I13-TIME(9,0,0))) | K13: =IF(I13="", "", I13 + IF(H13="", 0, H13))
B14: =IF(A14="", "", IFERROR(VLOOKUP(A14, "Employee Master"!$A:$B, 2, FALSE), "")) | D14: =IF(C14="", "", TEXT(C14, "ddd")) | I14: =IF(OR(E14="Absent", E14="Leave", E14=""), "", IF(AND(F14>0, G14>0), G14-F14, "")) | J14: =IF(I14="", "", MAX(0, I14-TIME(9,0,0))) | K14: =IF(I14="", "", I14 + IF(H14="", 0, H14))
B15: =IF(A15="", "", IFERROR(VLOOKUP(A15, "Employee Master"!$A:$B, 2, FALSE), "")) | D15: =IF(C15="", "", TEXT(C15, "ddd")) | I15: =IF(OR(E15="Absent", E15="Leave", E15=""), "", IF(AND(F15>0, G15>0), G15-F15, "")) | J15: =IF(I15="", "", MAX(0, I15-TIME(9,0,0))) | K15: =IF(I15="", "", I15 + IF(H15="", 0, H15))
B16: =IF(A16="", "", IFERROR(VLOOKUP(A16, "Employee Master"!$A:$B, 2, FALSE), "")) | D16: =IF(C16="", "", TEXT(C16, "ddd")) | I16: =IF(OR(E16="Absent", E16="Leave", E16=""), "", IF(AND(F16>0, G16>0), G16-F16, "")) | J16: =IF(I16="", "", MAX(0, I16-TIME(9,0,0))) | K16: =IF(I16="", "", I16 + IF(H16="", 0, H16))
B17: =IF(A17="", "", IFERROR(VLOOKUP(A17, "Employee Master"!$A:$B, 2, FALSE), "")) | D17: =IF(C17="", "", TEXT(C17, "ddd")) | I17: =IF(OR(E17="Absent", E17="Leave", E17=""), "", IF(AND(F17>0, G17>0), G17-F17, "")) | J17: =IF(I17="", "", MAX(0, I17-TIME(9,0,0))) | K17: =IF(I17="", "", I17 + IF(H17="", 0, H17))
B18: =IF(A18="", "", IFERROR(VLOOKUP(A18, "Employee Master"!$A:$B, 2, FALSE), "")) | D18: =IF(C18="", "", TEXT(C18, "ddd")) | I18: =IF(OR(E18="Absent", E18="Leave", E18=""), "", IF(AND(F18>0, G18>0), G18-F18, "")) | J18: =IF(I18="", "", MAX(0, I18-TIME(9,0,0))) | K18: =IF(I18="", "", I18 + IF(H18="", 0, H18))
... B201: =IF(A201="", "", IFERROR(VLOOKUP(A201, "Employee Master"!$A:$B, 2, FALSE), "")) | D201: =IF(C201="", "", TEXT(C201, "ddd")) | I201: =IF(OR(E201="Absent", E201="Leave", E201=""), "", IF(AND(F201>0, G201>0), G201-F201, "")) | J201: =IF(I201="", "", MAX(0, I201-TIME(9,0,0))) | K201: =IF(I201="", "", I201 + IF(H201="", 0, H201))

Sheet Advance Money
A1: Emp No | B1: Employee Name | C1: Advance Amount | D1: Reason/Purpose | E1: Date Given | F1: Time Given | G1: Given By | H1: Repayment Mode | I1: Status | J1: Amount Repaid | K1: Balance Due | L1: Remarks | M1: Advance Summary
B2: =IF(A2="", "", IFERROR(VLOOKUP(A2, "Employee Master"!$A:$B, 2, FALSE), "")) | E2: =IF(A2="", "", TODAY()) | F2: =IF(A2="", "", NOW()) | I2: =IF(K2="", "", IF(K2=0, "Repaid", IF(K2<C2, "Partially Repaid", "Repaid"))) | K2: =IF(C2="", "", C2-J2) | M2: Total Advance Taken
B3: =IF(A3="", "", IFERROR(VLOOKUP(A3, "Employee Master"!$A:$B, 2, FALSE), "")) | E3: =IF(A3="", "", TODAY()) | F3: =IF(A3="", "", NOW()) | I3: =IF(K3="", "", IF(K3=0, "Repaid", IF(K3<C3, "Partially Repaid", "Repaid"))) | K3: =IF(C3="", "", C3-J3) | M3: Total Repaid
B4: =IF(A4="", "", IFERROR(VLOOKUP(A4, "Employee Master"!$A:$B, 2, FALSE), "")) | E4: =IF(A4="", "", TODAY()) | F4: =IF(A4="", "", NOW()) | I4: =IF(K4="", "", IF(K4=0, "Repaid", IF(K4<C4, "Partially Repaid", "Repaid"))) | K4: =IF(C4="", "", C4-J4) | M4: Total Outstanding Balance
B5: =IF(A5="", "", IFERROR(VLOOKUP(A5, "Employee Master"!$A:$B, 2, FALSE), "")) | E5: =IF(A5="", "", TODAY()) | F5: =IF(A5="", "", NOW()) | I5: =IF(K5="", "", IF(K5=0, "Repaid", IF(K5<C5, "Partially Repaid", "Repaid"))) | K5: =IF(C5="", "", C5-J5)
B6: =IF(A6="", "", IFERROR(VLOOKUP(A6, "Employee Master"!$A:$B, 2, FALSE), "")) | E6: =IF(A6="", "", TODAY()) | F6: =IF(A6="", "", NOW()) | I6: =IF(K6="", "", IF(K6=0, "Repaid", IF(K6<C6, "Partially Repaid", "Repaid"))) | K6: =IF(C6="", "", C6-J6)
B7: =IF(A7="", "", IFERROR(VLOOKUP(A7, "Employee Master"!$A:$B, 2, FALSE), "")) | E7: =IF(A7="", "", TODAY()) | F7: =IF(A7="", "", NOW()) | I7: =IF(K7="", "", IF(K7=0, "Repaid", IF(K7<C7, "Partially Repaid", "Repaid"))) | K7: =IF(C7="", "", C7-J7)
B8: =IF(A8="", "", IFERROR(VLOOKUP(A8, "Employee Master"!$A:$B, 2, FALSE), "")) | E8: =IF(A8="", "", TODAY()) | F8: =IF(A8="", "", NOW()) | I8: =IF(K8="", "", IF(K8=0, "Repaid", IF(K8<C8, "Partially Repaid", "Repaid"))) | K8: =IF(C8="", "", C8-J8)
B9: =IF(A9="", "", IFERROR(VLOOKUP(A9, "Employee Master"!$A:$B, 2, FALSE), "")) | E9: =IF(A9="", "", TODAY()) | F9: =IF(A9="", "", NOW()) | I9: =IF(K9="", "", IF(K9=0, "Repaid", IF(K9<C9, "Partially Repaid", "Repaid"))) | K9: =IF(C9="", "", C9-J9)
B10: =IF(A10="", "", IFERROR(VLOOKUP(A10, "Employee Master"!$A:$B, 2, FALSE), "")) | E10: =IF(A10="", "", TODAY()) | F10: =IF(A10="", "", NOW()) | I10: =IF(K10="", "", IF(K10=0, "Repaid", IF(K10<C10, "Partially Repaid", "Repaid"))) | K10: =IF(C10="", "", C10-J10)
B11: =IF(A11="", "", IFERROR(VLOOKUP(A11, "Employee Master"!$A:$B, 2, FALSE), "")) | E11: =IF(A11="", "", TODAY()) | F11: =IF(A11="", "", NOW()) | I11: =IF(K11="", "", IF(K11=0, "Repaid", IF(K11<C11, "Partially Repaid", "Repaid"))) | K11: =IF(C11="", "", C11-J11)
B12: =IF(A12="", "", IFERROR(VLOOKUP(A12, "Employee Master"!$A:$B, 2, FALSE), "")) | E12: =IF(A12="", "", TODAY()) | F12: =IF(A12="", "", NOW()) | I12: =IF(K12="", "", IF(K12=0, "Repaid", IF(K12<C12, "Partially Repaid", "Repaid"))) | K12: =IF(C12="", "", C12-J12)
B13: =IF(A13="", "", IFERROR(VLOOKUP(A13, "Employee Master"!$A:$B, 2, FALSE), "")) | E13: =IF(A13="", "", TODAY()) | F13: =IF(A13="", "", NOW()) | I13: =IF(K13="", "", IF(K13=0, "Repaid", IF(K13<C13, "Partially Repaid", "Repaid"))) | K13: =IF(C13="", "", C13-J13)
B14: =IF(A14="", "", IFERROR(VLOOKUP(A14, "Employee Master"!$A:$B, 2, FALSE), "")) | E14: =IF(A14="", "", TODAY()) | F14: =IF(A14="", "", NOW()) | I14: =IF(K14="", "", IF(K14=0, "Repaid", IF(K14<C14, "Partially Repaid", "Repaid"))) | K14: =IF(C14="", "", C14-J14)
B15: =IF(A15="", "", IFERROR(VLOOKUP(A15, "Employee Master"!$A:$B, 2, FALSE), "")) | E15: =IF(A15="", "", TODAY()) | F15: =IF(A15="", "", NOW()) | I15: =IF(K15="", "", IF(K15=0, "Repaid", IF(K15<C15, "Partially Repaid", "Repaid"))) | K15: =IF(C15="", "", C15-J15)
B16: =IF(A16="", "", IFERROR(VLOOKUP(A16, "Employee Master"!$A:$B, 2, FALSE), "")) | E16: =IF(A16="", "", TODAY()) | F16: =IF(A16="", "", NOW()) | I16: =IF(K16="", "", IF(K16=0, "Repaid", IF(K16<C16, "Partially Repaid", "Repaid"))) | K16: =IF(C16="", "", C16-J16)
... B201: =IF(A201="", "", IFERROR(VLOOKUP(A201, "Employee Master"!$A:$B, 2, FALSE), "")) | E201: =IF(A201="", "", TODAY()) | F201: =IF(A201="", "", NOW()) | I201: =IF(K201="", "", IF(K201=0, "Repaid", IF(K201<C201, "Partially Repaid", "Repaid"))) | K201: =IF(C201="", "", C201-J201)

Sheet Dashboard Summary
A1: Emp No | B1: Employee Name | C1: Total Working Hours | D1: Total Overtime | E1: Total Advance Outstanding
B2: =IF(A2="", "", IFERROR(VLOOKUP(A2, "Employee Master"!$A:$B, 2, FALSE), "")) | C2: =IF(A2="", "", SUMIFS(Attendance!$I:$I, Attendance!$A:$A, A2, Attendance!$I:$I, ">0")) | D2: =IF(A2="", "", SUMIFS(Attendance!$J:$J, Attendance!$A:$A, A2, Attendance!$J:$J, ">0")) | E2: =IF(A2="", "", SUMIFS('Advance Money'!$K:$K, 'Advance Money'!$A:$A, A2))
B3: =IF(A3="", "", IFERROR(VLOOKUP(A3, "Employee Master"!$A:$B, 2, FALSE), "")) | C3: =IF(A3="", "", SUMIFS(Attendance!$I:$I, Attendance!$A:$A, A3, Attendance!$I:$I, ">0")) | D3: =IF(A3="", "", SUMIFS(Attendance!$J:$J, Attendance!$A:$A, A3, Attendance!$J:$J, ">0")) | E3: =IF(A3="", "", SUMIFS('Advance Money'!$K:$K, 'Advance Money'!$A:$A, A3))
B4: =IF(A4="", "", IFERROR(VLOOKUP(A4, "Employee Master"!$A:$B, 2, FALSE), "")) | C4: =IF(A4="", "", SUMIFS(Attendance!$I:$I, Attendance!$A:$A, A4, Attendance!$I:$I, ">0")) | D4: =IF(A4="", "", SUMIFS(Attendance!$J:$J, Attendance!$A:$A, A4, Attendance!$J:$J, ">0")) | E4: =IF(A4="", "", SUMIFS('Advance Money'!$K:$K, 'Advance Money'!$A:$A, A4))
B5: =IF(A5="", "", IFERROR(VLOOKUP(A5, "Employee Master"!$A:$B, 2, FALSE), "")) | C5: =IF(A5="", "", SUMIFS(Attendance!$I:$I, Attendance!$A:$A, A5, Attendance!$I:$I, ">0")) | D5: =IF(A5="", "", SUMIFS(Attendance!$J:$J, Attendance!$A:$A, A5, Attendance!$J:$J, ">0")) | E5: =IF(A5="", "", SUMIFS('Advance Money'!$K:$K, 'Advance Money'!$A:$A, A5))
B6: =IF(A6="", "", IFERROR(VLOOKUP(A6, "Employee Master"!$A:$B, 2, FALSE), "")) | C6: =IF(A6="", "", SUMIFS(Attendance!$I:$I, Attendance!$A:$A, A6, Attendance!$I:$I, ">0")) | D6: =IF(A6="", "", SUMIFS(Attendance!$J:$J, Attendance!$A:$A, A6, Attendance!$J:$J, ">0")) | E6: =IF(A6="", "", SUMIFS('Advance Money'!$K:$K, 'Advance Money'!$A:$A, A6))
B7: =IF(A7="", "", IFERROR(VLOOKUP(A7, "Employee Master"!$A:$B, 2, FALSE), "")) | C7: =IF(A7="", "", SUMIFS(Attendance!$I:$I, Attendance!$A:$A, A7, Attendance!$I:$I, ">0")) | D7: =IF(A7="", "", SUMIFS(Attendance!$J:$J, Attendance!$A:$A, A7, Attendance!$J:$J, ">0")) | E7: =IF(A7="", "", SUMIFS('Advance Money'!$K:$K, 'Advance Money'!$A:$A, A7))
B8: =IF(A8="", "", IFERROR(VLOOKUP(A8, "Employee Master"!$A:$B, 2, FALSE), "")) | C8: =IF(A8="", "", SUMIFS(Attendance!$I:$I, Attendance!$A:$A, A8, Attendance!$I:$I, ">0")) | D8: =IF(A8="", "", SUMIFS(Attendance!$J:$J, Attendance!$A:$A, A8, Attendance!$J:$J, ">0")) | E8: =IF(A8="", "", SUMIFS('Advance Money'!$K:$K, 'Advance Money'!$A:$A, A8))
B9: =IF(A9="", "", IFERROR(VLOOKUP(A9, "Employee Master"!$A:$B, 2, FALSE), "")) | C9: =IF(A9="", "", SUMIFS(Attendance!$I:$I, Attendance!$A:$A, A9, Attendance!$I:$I, ">0")) | D9: =IF(A9="", "", SUMIFS(Attendance!$J:$J, Attendance!$A:$A, A9, Attendance!$J:$J, ">0")) | E9: =IF(A9="", "", SUMIFS('Advance Money'!$K:$K, 'Advance Money'!$A:$A, A9))
B10: =IF(A10="", "", IFERROR(VLOOKUP(A10, "Employee Master"!$A:$B, 2, FALSE), "")) | C10: =IF(A10="", "", SUMIFS(Attendance!$I:$I, Attendance!$A:$A, A10, Attendance!$I:$I, ">0")) | D10: =IF(A10="", "", SUMIFS(Attendance!$J:$J, Attendance!$A:$A, A10, Attendance!$J:$J, ">0")) | E10: =IF(A10="", "", SUMIFS('Advance Money'!$K:$K, 'Advance Money'!$A:$A, A10))
B11: =IF(A11="", "", IFERROR(VLOOKUP(A11, "Employee Master"!$A:$B, 2, FALSE), "")) | C11: =IF(A11="", "", SUMIFS(Attendance!$I:$I, Attendance!$A:$A, A11, Attendance!$I:$I, ">0")) | D11: =IF(A11="", "", SUMIFS(Attendance!$J:$J, Attendance!$A:$A, A11, Attendance!$J:$J, ">0")) | E11: =IF(A11="", "", SUMIFS('Advance Money'!$K:$K, 'Advance Money'!$A:$A, A11))
B12: =IF(A12="", "", IFERROR(VLOOKUP(A12, "Employee Master"!$A:$B, 2, FALSE), "")) | C12: =IF(A12="", "", SUMIFS(Attendance!$I:$I, Attendance!$A:$A, A12, Attendance!$I:$I, ">0")) | D12: =IF(A12="", "", SUMIFS(Attendance!$J:$J, Attendance!$A:$A, A12, Attendance!$J:$J, ">0")) | E12: =IF(A12="", "", SUMIFS('Advance Money'!$K:$K, 'Advance Money'!$A:$A, A12))
B13: =IF(A13="", "", IFERROR(VLOOKUP(A13, "Employee Master"!$A:$B, 2, FALSE), "")) | C13: =IF(A13="", "", SUMIFS(Attendance!$I:$I, Attendance!$A:$A, A13, Attendance!$I:$I, ">0")) | D13: =IF(A13="", "", SUMIFS(Attendance!$J:$J, Attendance!$A:$A, A13, Attendance!$J:$J, ">0")) | E13: =IF(A13="", "", SUMIFS('Advance Money'!$K:$K, 'Advance Money'!$A:$A, A13))
... B101: =IF(A101="", "", IFERROR(VLOOKUP(A101, "Employee Master"!$A:$B, 2, FALSE), "")) | C101: =IF(A101="", "", SUMIFS(Attendance!$I:$I, Attendance!$A:$A, A101, Attendance!$I:$I, ">0")) | D101: =IF(A101="", "", SUMIFS(Attendance!$J:$J, Attendance!$A:$A, A101, Attendance!$J:$J, ">0")) | E101: =IF(A101="", "", SUMIFS('Advance Money'!$K:$K, 'Advance Money'!$A:$A, A101))
